Timestamp,Event,UE_ID,SUCI,Authentication_Result,Registration_Status,gNB_IP,DNN,S_NSSAI
T+0.000s,Registration,UE_001,SUCI_001,Failure,Success,192.168.xxx.xxx,DEFAULT_DNN,DEFAULT_SLICE
T+94.635s,Registration,UE_001,SUCI_001,,Success,192.168.xxx.xxx,DEFAULT_DNN,DEFAULT_SLICE
T+74474.658s,Registration,UE_001,SUCI_001,,Success,192.168.xxx.xxx,DEFAULT_DNN,DEFAULT_SLICE
T+74887.929s,Registration,UE_001,SUCI_001,,Success,192.168.xxx.xxx,DEFAULT_DNN,DEFAULT_SLICE
T+75049.959s,Registration,UE_001,SUCI_001,,Success,192.168.xxx.xxx,DEFAULT_DNN,DEFAULT_SLICE
T+75163.059s,Registration,UE_001,SUCI_001,,Success,192.168.xxx.xxx,DEFAULT_DNN,DEFAULT_SLICE
T+75252.954s,Registration,UE_001,SUCI_001,,Success,192.168.xxx.xxx,DEFAULT_DNN,DEFAULT_SLICE
T+75307.441s,Registration,UE_001,SUCI_001,,Success,192.168.xxx.xxx,DEFAULT_DNN,DEFAULT_SLICE
T+75332.481s,Registration,UE_001,SUCI_001,,Success,192.168.xxx.xxx,DEFAULT_DNN,DEFAULT_SLICE
T+75357.422s,Registration,UE_001,SUCI_001,,Success,192.168.xxx.xxx,DEFAULT_DNN,DEFAULT_SLICE
T+75424.868s,Registration,UE_001,SUCI_001,,Success,192.168.xxx.xxx,DEFAULT_DNN,DEFAULT_SLICE
T+75460.786s,Registration,UE_001,SUCI_001,,Success,192.168.xxx.xxx,DEFAULT_DNN,DEFAULT_SLICE
T+75561.741s,Registration,UE_001,SUCI_001,,Success,192.168.xxx.xxx,DEFAULT_DNN,DEFAULT_SLICE
T+75775.668s,Registration,UE_001,SUCI_001,,Success,192.168.xxx.xxx,DEFAULT_DNN,DEFAULT_SLICE
T+75806.553s,Registration,UE_001,SUCI_001,,Success,192.168.xxx.xxx,DEFAULT_DNN,DEFAULT_SLICE
T+75827.463s,Registration,UE_001,SUCI_001,,Success,192.168.xxx.xxx,DEFAULT_DNN,DEFAULT_SLICE
T+75854.254s,Registration,UE_001,SUCI_001,,Success,192.168.xxx.xxx,DEFAULT_DNN,DEFAULT_SLICE
T+75908.062s,Registration,UE_001,SUCI_001,,Success,192.168.xxx.xxx,DEFAULT_DNN,DEFAULT_SLICE
T+75956.171s,Registration,UE_001,SUCI_001,,Success,192.168.xxx.xxx,DEFAULT_DNN,DEFAULT_SLICE
T+76000.390s,Registration,UE_001,SUCI_001,,Success,192.168.xxx.xxx,DEFAULT_DNN,DEFAULT_SLICE
T+76061.193s,Registration,UE_001,SUCI_001,,Success,192.168.xxx.xxx,DEFAULT_DNN,DEFAULT_SLICE
T+76083.925s,Registration,UE_001,SUCI_001,,Success,192.168.xxx.xxx,DEFAULT_DNN,DEFAULT_SLICE
T+76159.395s,Registration,UE_001,SUCI_001,,Success,192.168.xxx.xxx,DEFAULT_DNN,DEFAULT_SLICE
T+76172.981s,Registration,UE_001,SUCI_001,,Success,192.168.xxx.xxx,DEFAULT_DNN,DEFAULT_SLICE
T+76188.474s,Registration,UE_001,SUCI_001,,Success,192.168.xxx.xxx,DEFAULT_DNN,DEFAULT_SLICE
T+76227.898s,Registration,UE_001,SUCI_001,,Success,192.168.xxx.xxx,DEFAULT_DNN,DEFAULT_SLICE
T+76239.052s,Registration,UE_001,SUCI_001,,Success,192.168.xxx.xxx,DEFAULT_DNN,DEFAULT_SLICE
T+76254.647s,Registration,UE_001,SUCI_001,,Success,192.168.xxx.xxx,DEFAULT_DNN,DEFAULT_SLICE
T+76272.203s,Registration,UE_001,SUCI_001,,Success,192.168.xxx.xxx,DEFAULT_DNN,DEFAULT_SLICE
T+76286.482s,Registration,UE_001,SUCI_001,,Success,192.168.xxx.xxx,DEFAULT_DNN,DEFAULT_SLICE
T+76314.199s,Registration,UE_001,SUCI_001,,Success,192.168.xxx.xxx,DEFAULT_DNN,DEFAULT_SLICE
T+76331.118s,Registration,UE_001,SUCI_001,,Success,192.168.xxx.xxx,DEFAULT_DNN,DEFAULT_SLICE
T+76344.620s,Registration,UE_001,SUCI_001,,Success,192.168.xxx.xxx,DEFAULT_DNN,DEFAULT_SLICE
T+76359.113s,Registration,UE_001,SUCI_001,,Success,192.168.xxx.xxx,DEFAULT_DNN,DEFAULT_SLICE
T+76373.821s,Registration,UE_001,SUCI_001,,Success,192.168.xxx.xxx,DEFAULT_DNN,DEFAULT_SLICE
T+76398.802s,Registration,UE_001,SUCI_001,,Success,192.168.xxx.xxx,DEFAULT_DNN,DEFAULT_SLICE
T+76417.193s,Registration,UE_001,SUCI_001,,Success,192.168.xxx.xxx,DEFAULT_DNN,DEFAULT_SLICE
T+76436.719s,Registration,UE_001,SUCI_001,,Success,192.168.xxx.xxx,DEFAULT_DNN,DEFAULT_SLICE
T+76449.999s,Registration,UE_001,SUCI_001,,Success,192.168.xxx.xxx,DEFAULT_DNN,DEFAULT_SLICE
T+76466.908s,Registration,UE_001,SUCI_001,,Success,192.168.xxx.xxx,DEFAULT_DNN,DEFAULT_SLICE
T+76504.062s,Registration,UE_001,SUCI_001,,Success,192.168.xxx.xxx,DEFAULT_DNN,DEFAULT_SLICE
T+76570.775s,Registration,UE_001,SUCI_001,,Success,192.168.xxx.xxx,DEFAULT_DNN,DEFAULT_SLICE
T+76625.852s,Registration,UE_001,SUCI_001,,Success,192.168.xxx.xxx,DEFAULT_DNN,DEFAULT_SLICE
T+76675.566s,Registration,UE_001,SUCI_001,,Success,192.168.xxx.xxx,DEFAULT_DNN,DEFAULT_SLICE
T+76682.666s,Registration,UE_001,SUCI_001,,Success,192.168.xxx.xxx,DEFAULT_DNN,DEFAULT_SLICE
T+76696.652s,Registration,UE_001,SUCI_001,,Success,192.168.xxx.xxx,DEFAULT_DNN,DEFAULT_SLICE
T+76707.009s,Registration,UE_001,SUCI_001,,Success,192.168.xxx.xxx,DEFAULT_DNN,DEFAULT_SLICE
T+76720.150s,Registration,UE_001,SUCI_001,,Success,192.168.xxx.xxx,DEFAULT_DNN,DEFAULT_SLICE
T+76739.183s,Registration,UE_001,SUCI_001,,Success,192.168.xxx.xxx,DEFAULT_DNN,DEFAULT_SLICE
T+76751.418s,Registration,UE_001,SUCI_001,,Success,192.168.xxx.xxx,DEFAULT_DNN,DEFAULT_SLICE
T+76772.827s,Registration,UE_001,SUCI_001,,Success,192.168.xxx.xxx,DEFAULT_DNN,DEFAULT_SLICE
T+76799.138s,Registration,UE_001,SUCI_001,,Success,192.168.xxx.xxx,DEFAULT_DNN,DEFAULT_SLICE
T+76821.322s,Registration,UE_001,SUCI_001,,Success,192.168.xxx.xxx,DEFAULT_DNN,DEFAULT_SLICE
T+76837.266s,Registration,UE_001,SUCI_001,,Success,192.168.xxx.xxx,DEFAULT_DNN,DEFAULT_SLICE
T+76882.977s,Registration,UE_001,SUCI_001,,Success,192.168.xxx.xxx,DEFAULT_DNN,DEFAULT_SLICE
